exp_key,dataset,num_shots,seed,csc,class_token_position,n_ctx,final_acc,best_acc,best_val_acc,weights_path,context_type,variant
eurosat_shots1_cscFalse_posend_seed1,eurosat,1,1,False,end,16,60.79012345679013,60.79012345679013,60.074074074074076,/scratch/HS400/coop_results/output/weights/eurosat_shots1_cscFalse_posend_seed1_weights.pt,Unified,Unified_end
eurosat_shots1_cscFalse_posmiddle_seed1,eurosat,1,1,False,middle,16,66.91358024691358,66.91358024691358,66.38888888888889,/scratch/HS400/coop_results/output/weights/eurosat_shots1_cscFalse_posmiddle_seed1_weights.pt,Unified,Unified_middle
eurosat_shots1_cscTrue_posend_seed1,eurosat,1,1,True,end,16,54.27160493827161,54.27160493827161,53.129629629629626,/scratch/HS400/coop_results/output/weights/eurosat_shots1_cscTrue_posend_seed1_weights.pt,CSC,CSC_end
eurosat_shots1_cscTrue_posmiddle_seed1,eurosat,1,1,True,middle,16,53.46913580246913,53.46913580246913,52.592592592592595,/scratch/HS400/coop_results/output/weights/eurosat_shots1_cscTrue_posmiddle_seed1_weights.pt,CSC,CSC_middle
eurosat_shots4_cscFalse_posend_seed1,eurosat,4,1,False,end,16,76.48148148148148,76.48148148148148,75.72222222222223,/scratch/HS400/coop_results/output/weights/eurosat_shots4_cscFalse_posend_seed1_weights.pt,Unified,Unified_end
eurosat_shots4_cscFalse_posmiddle_seed1,eurosat,4,1,False,middle,16,75.72839506172839,75.72839506172839,75.16666666666667,/scratch/HS400/coop_results/output/weights/eurosat_shots4_cscFalse_posmiddle_seed1_weights.pt,Unified,Unified_middle
eurosat_shots4_cscTrue_posend_seed1,eurosat,4,1,True,end,16,74.45679012345678,74.45679012345678,73.18518518518519,/scratch/HS400/coop_results/output/weights/eurosat_shots4_cscTrue_posend_seed1_weights.pt,CSC,CSC_end
eurosat_shots4_cscTrue_posmiddle_seed1,eurosat,4,1,True,middle,16,75.23456790123457,75.23456790123457,75.03703703703704,/scratch/HS400/coop_results/output/weights/eurosat_shots4_cscTrue_posmiddle_seed1_weights.pt,CSC,CSC_middle
eurosat_shots8_cscFalse_posend_seed1,eurosat,8,1,False,end,16,81.29629629629629,81.29629629629629,80.37037037037037,/scratch/HS400/coop_results/output/weights/eurosat_shots8_cscFalse_posend_seed1_weights.pt,Unified,Unified_end
eurosat_shots8_cscFalse_posmiddle_seed1,eurosat,8,1,False,middle,16,79.5679012345679,79.5679012345679,78.68518518518519,/scratch/HS400/coop_results/output/weights/eurosat_shots8_cscFalse_posmiddle_seed1_weights.pt,Unified,Unified_middle
eurosat_shots8_cscTrue_posend_seed1,eurosat,8,1,True,end,16,79.58024691358025,79.58024691358025,78.62962962962963,/scratch/HS400/coop_results/output/weights/eurosat_shots8_cscTrue_posend_seed1_weights.pt,CSC,CSC_end
eurosat_shots8_cscTrue_posmiddle_seed1,eurosat,8,1,True,middle,16,79.66666666666667,79.66666666666667,79.14814814814815,/scratch/HS400/coop_results/output/weights/eurosat_shots8_cscTrue_posmiddle_seed1_weights.pt,CSC,CSC_middle
eurosat_shots16_cscFalse_posend_seed1,eurosat,16,1,False,end,16,86.49382716049382,86.49382716049382,85.87037037037037,/scratch/HS400/coop_results/output/weights/eurosat_shots16_cscFalse_posend_seed1_weights.pt,Unified,Unified_end
eurosat_shots16_cscFalse_posmiddle_seed1,eurosat,16,1,False,middle,16,86.18518518518519,86.18518518518519,85.16666666666667,/scratch/HS400/coop_results/output/weights/eurosat_shots16_cscFalse_posmiddle_seed1_weights.pt,Unified,Unified_middle
eurosat_shots16_cscTrue_posend_seed1,eurosat,16,1,True,end,16,87.4320987654321,87.4320987654321,86.77777777777777,/scratch/HS400/coop_results/output/weights/eurosat_shots16_cscTrue_posend_seed1_weights.pt,CSC,CSC_end
eurosat_shots16_cscTrue_posmiddle_seed1,eurosat,16,1,True,middle,16,87.62962962962963,87.62962962962963,87.0925925925926,/scratch/HS400/coop_results/output/weights/eurosat_shots16_cscTrue_posmiddle_seed1_weights.pt,CSC,CSC_middle
oxfordpets_shots1_cscFalse_posend_seed1,oxfordpets,1,1,False,end,16,90.54238212046879,90.54238212046879,91.03260869565217,/scratch/HS400/coop_results/output/weights/oxfordpets_shots1_cscFalse_posend_seed1_weights.pt,Unified,Unified_end
oxfordpets_shots1_cscFalse_posmiddle_seed1,oxfordpets,1,1,False,middle,16,89.07059144180975,89.07059144180975,88.8586956521739,/scratch/HS400/coop_results/output/weights/oxfordpets_shots1_cscFalse_posmiddle_seed1_weights.pt,Unified,Unified_middle
oxfordpets_shots1_cscTrue_posend_seed1,oxfordpets,1,1,True,end,16,76.151539929136,76.151539929136,75.67934782608695,/scratch/HS400/coop_results/output/weights/oxfordpets_shots1_cscTrue_posend_seed1_weights.pt,CSC,CSC_end
oxfordpets_shots1_cscTrue_posmiddle_seed1,oxfordpets,1,1,True,middle,16,77.6778413736713,77.6778413736713,78.26086956521739,/scratch/HS400/coop_results/output/weights/oxfordpets_shots1_cscTrue_posmiddle_seed1_weights.pt,CSC,CSC_middle
oxfordpets_shots4_cscFalse_posend_seed1,oxfordpets,4,1,False,end,16,91.57808667211775,91.57808667211775,92.52717391304348,/scratch/HS400/coop_results/output/weights/oxfordpets_shots4_cscFalse_posend_seed1_weights.pt,Unified,Unified_end
oxfordpets_shots4_cscFalse_posmiddle_seed1,oxfordpets,4,1,False,middle,16,91.33278822567458,91.33278822567458,93.47826086956522,/scratch/HS400/coop_results/output/weights/oxfordpets_shots4_cscFalse_posmiddle_seed1_weights.pt,Unified,Unified_middle
oxfordpets_shots4_cscTrue_posend_seed1,oxfordpets,4,1,True,end,16,85.28209321340965,85.28209321340965,89.1304347826087,/scratch/HS400/coop_results/output/weights/oxfordpets_shots4_cscTrue_posend_seed1_weights.pt,CSC,CSC_end
oxfordpets_shots4_cscTrue_posmiddle_seed1,oxfordpets,4,1,True,middle,16,85.66366857454348,85.66366857454348,86.68478260869566,/scratch/HS400/coop_results/output/weights/oxfordpets_shots4_cscTrue_posmiddle_seed1_weights.pt,CSC,CSC_middle
oxfordpets_shots8_cscFalse_posend_seed1,oxfordpets,8,1,False,end,16,91.71436358680839,91.71436358680839,93.61413043478261,/scratch/HS400/coop_results/output/weights/oxfordpets_shots8_cscFalse_posend_seed1_weights.pt,Unified,Unified_end
oxfordpets_shots8_cscFalse_posmiddle_seed1,oxfordpets,8,1,False,middle,16,92.58653584082856,92.58653584082856,93.47826086956522,/scratch/HS400/coop_results/output/weights/oxfordpets_shots8_cscFalse_posmiddle_seed1_weights.pt,Unified,Unified_middle
oxfordpets_shots8_cscTrue_posend_seed1,oxfordpets,8,1,True,end,16,88.52548378304715,88.52548378304715,89.53804347826087,/scratch/HS400/coop_results/output/weights/oxfordpets_shots8_cscTrue_posend_seed1_weights.pt,CSC,CSC_end
oxfordpets_shots8_cscTrue_posmiddle_seed1,oxfordpets,8,1,True,middle,16,86.59035159443991,86.59035159443991,89.40217391304348,/scratch/HS400/coop_results/output/weights/oxfordpets_shots8_cscTrue_posmiddle_seed1_weights.pt,CSC,CSC_middle
oxfordpets_shots16_cscFalse_posend_seed1,oxfordpets,16,1,False,end,16,93.56772962660125,93.56772962660125,95.65217391304348,/scratch/HS400/coop_results/output/weights/oxfordpets_shots16_cscFalse_posend_seed1_weights.pt,Unified,Unified_end
oxfordpets_shots16_cscFalse_posmiddle_seed1,oxfordpets,16,1,False,middle,16,93.13164349959116,93.13164349959116,94.70108695652173,/scratch/HS400/coop_results/output/weights/oxfordpets_shots16_cscFalse_posmiddle_seed1_weights.pt,Unified,Unified_middle
oxfordpets_shots16_cscTrue_posend_seed1,oxfordpets,16,1,True,end,16,90.02452984464432,90.02452984464432,93.47826086956522,/scratch/HS400/coop_results/output/weights/oxfordpets_shots16_cscTrue_posend_seed1_weights.pt,CSC,CSC_end
oxfordpets_shots16_cscTrue_posmiddle_seed1,oxfordpets,16,1,True,middle,16,90.54238212046879,90.54238212046879,93.61413043478261,/scratch/HS400/coop_results/output/weights/oxfordpets_shots16_cscTrue_posmiddle_seed1_weights.pt,CSC,CSC_middle
dtd_shots1_cscFalse_posend_seed1,dtd,1,1,False,end,16,51.89125295508274,51.89125295508274,49.55673758865248,/scratch/HS400/coop_results/output/weights/dtd_shots1_cscFalse_posend_seed1_weights.pt,Unified,Unified_end
dtd_shots1_cscFalse_posmiddle_seed1,dtd,1,1,False,middle,16,47.75413711583924,47.75413711583924,47.96099290780142,/scratch/HS400/coop_results/output/weights/dtd_shots1_cscFalse_posmiddle_seed1_weights.pt,Unified,Unified_middle
dtd_shots1_cscTrue_posend_seed1,dtd,1,1,True,end,16,37.29314420803782,37.29314420803782,33.51063829787234,/scratch/HS400/coop_results/output/weights/dtd_shots1_cscTrue_posend_seed1_weights.pt,CSC,CSC_end
dtd_shots1_cscTrue_posmiddle_seed1,dtd,1,1,True,middle,16,34.63356973995272,34.63356973995272,32.5354609929078,/scratch/HS400/coop_results/output/weights/dtd_shots1_cscTrue_posmiddle_seed1_weights.pt,CSC,CSC_middle
dtd_shots4_cscFalse_posend_seed1,dtd,4,1,False,end,16,58.56973995271868,58.56973995271868,59.219858156028366,/scratch/HS400/coop_results/output/weights/dtd_shots4_cscFalse_posend_seed1_weights.pt,Unified,Unified_end
dtd_shots4_cscFalse_posmiddle_seed1,dtd,4,1,False,middle,16,60.579196217494086,60.579196217494086,60.638297872340424,/scratch/HS400/coop_results/output/weights/dtd_shots4_cscFalse_posmiddle_seed1_weights.pt,Unified,Unified_middle
dtd_shots4_cscTrue_posend_seed1,dtd,4,1,True,end,16,57.033096926713945,57.033096926713945,56.91489361702128,/scratch/HS400/coop_results/output/weights/dtd_shots4_cscTrue_posend_seed1_weights.pt,CSC,CSC_end
dtd_shots4_cscTrue_posmiddle_seed1,dtd,4,1,True,middle,16,56.02836879432624,56.02836879432624,58.42198581560284,/scratch/HS400/coop_results/output/weights/dtd_shots4_cscTrue_posmiddle_seed1_weights.pt,CSC,CSC_middle
dtd_shots8_cscFalse_posend_seed1,dtd,8,1,False,end,16,64.65721040189125,64.65721040189125,64.80496453900709,/scratch/HS400/coop_results/output/weights/dtd_shots8_cscFalse_posend_seed1_weights.pt,Unified,Unified_end
dtd_shots8_cscFalse_posmiddle_seed1,dtd,8,1,False,middle,16,64.77541371158392,64.77541371158392,64.98226950354609,/scratch/HS400/coop_results/output/weights/dtd_shots8_cscFalse_posmiddle_seed1_weights.pt,Unified,Unified_middle
dtd_shots8_cscTrue_posend_seed1,dtd,8,1,True,end,16,62.174940898345156,62.174940898345156,62.677304964539005,/scratch/HS400/coop_results/output/weights/dtd_shots8_cscTrue_posend_seed1_weights.pt,CSC,CSC_end
dtd_shots8_cscTrue_posmiddle_seed1,dtd,8,1,True,middle,16,62.88416075650118,62.88416075650118,63.652482269503544,/scratch/HS400/coop_results/output/weights/dtd_shots8_cscTrue_posmiddle_seed1_weights.pt,CSC,CSC_middle
dtd_shots16_cscFalse_posend_seed1,dtd,16,1,False,end,16,69.08983451536643,69.08983451536643,69.68085106382979,/scratch/HS400/coop_results/output/weights/dtd_shots16_cscFalse_posend_seed1_weights.pt,Unified,Unified_end
dtd_shots16_cscFalse_posmiddle_seed1,dtd,16,1,False,middle,16,67.96690307328605,67.96690307328605,68.97163120567376,/scratch/HS400/coop_results/output/weights/dtd_shots16_cscFalse_posmiddle_seed1_weights.pt,Unified,Unified_middle
dtd_shots16_cscTrue_posend_seed1,dtd,16,1,True,end,16,68.67612293144208,68.67612293144208,70.2127659574468,/scratch/HS400/coop_results/output/weights/dtd_shots16_cscTrue_posend_seed1_weights.pt,CSC,CSC_end
dtd_shots16_cscTrue_posmiddle_seed1,dtd,16,1,True,middle,16,68.43971631205673,68.43971631205673,70.12411347517731,/scratch/HS400/coop_results/output/weights/dtd_shots16_cscTrue_posmiddle_seed1_weights.pt,CSC,CSC_middle
caltech101_shots1_cscFalse_posend_seed1,caltech101,1,1,False,end,16,93.10344827586206,93.10344827586206,94.05700424499697,/scratch/HS400/coop_results/output/weights/caltech101_shots1_cscFalse_posend_seed1_weights.pt,Unified,Unified_end
caltech101_shots1_cscFalse_posmiddle_seed1,caltech101,1,1,False,middle,16,93.87423935091277,93.87423935091277,94.05700424499697,/scratch/HS400/coop_results/output/weights/caltech101_shots1_cscFalse_posmiddle_seed1_weights.pt,Unified,Unified_middle
caltech101_shots1_cscTrue_posend_seed1,caltech101,1,1,True,end,16,79.87829614604462,79.87829614604462,80.47301394784718,/scratch/HS400/coop_results/output/weights/caltech101_shots1_cscTrue_posend_seed1_weights.pt,CSC,CSC_end
caltech101_shots1_cscTrue_posmiddle_seed1,caltech101,1,1,True,middle,16,80.08113590263692,80.08113590263692,81.6858702243784,/scratch/HS400/coop_results/output/weights/caltech101_shots1_cscTrue_posmiddle_seed1_weights.pt,CSC,CSC_middle
caltech101_shots4_cscFalse_posend_seed1,caltech101,4,1,False,end,16,94.52332657200812,94.52332657200812,95.2698605215282,/scratch/HS400/coop_results/output/weights/caltech101_shots4_cscFalse_posend_seed1_weights.pt,Unified,Unified_end
caltech101_shots4_cscFalse_posmiddle_seed1,caltech101,4,1,False,middle,16,94.27991886409737,94.27991886409737,95.51243177683445,/scratch/HS400/coop_results/output/weights/caltech101_shots4_cscFalse_posmiddle_seed1_weights.pt,Unified,Unified_middle
caltech101_shots4_cscTrue_posend_seed1,caltech101,4,1,True,end,16,92.25152129817444,92.25152129817444,93.9963614311704,/scratch/HS400/coop_results/output/weights/caltech101_shots4_cscTrue_posend_seed1_weights.pt,CSC,CSC_end
caltech101_shots4_cscTrue_posmiddle_seed1,caltech101,4,1,True,middle,16,92.0892494929006,92.0892494929006,92.96543359611886,/scratch/HS400/coop_results/output/weights/caltech101_shots4_cscTrue_posmiddle_seed1_weights.pt,CSC,CSC_middle
caltech101_shots8_cscFalse_posend_seed1,caltech101,8,1,False,end,16,94.64503042596348,94.64503042596348,95.75500303214069,/scratch/HS400/coop_results/output/weights/caltech101_shots8_cscFalse_posend_seed1_weights.pt,Unified,Unified_end
caltech101_shots8_cscFalse_posmiddle_seed1,caltech101,8,1,False,middle,16,94.52332657200812,94.52332657200812,95.99757428744694,/scratch/HS400/coop_results/output/weights/caltech101_shots8_cscFalse_posmiddle_seed1_weights.pt,Unified,Unified_middle
caltech101_shots8_cscTrue_posend_seed1,caltech101,8,1,True,end,16,93.63083164300203,93.63083164300203,94.90600363856883,/scratch/HS400/coop_results/output/weights/caltech101_shots8_cscTrue_posend_seed1_weights.pt,CSC,CSC_end
caltech101_shots8_cscTrue_posmiddle_seed1,caltech101,8,1,True,middle,16,93.10344827586206,93.10344827586206,94.23893268647666,/scratch/HS400/coop_results/output/weights/caltech101_shots8_cscTrue_posmiddle_seed1_weights.pt,CSC,CSC_middle
caltech101_shots16_cscFalse_posend_seed1,caltech101,16,1,False,end,16,95.78093306288032,95.78093306288032,96.90721649484536,/scratch/HS400/coop_results/output/weights/caltech101_shots16_cscFalse_posend_seed1_weights.pt,Unified,Unified_end
caltech101_shots16_cscFalse_posmiddle_seed1,caltech101,16,1,False,middle,16,95.4158215010142,95.4158215010142,96.60400242571255,/scratch/HS400/coop_results/output/weights/caltech101_shots16_cscFalse_posmiddle_seed1_weights.pt,Unified,Unified_middle
caltech101_shots16_cscTrue_posend_seed1,caltech101,16,1,True,end,16,94.60446247464503,94.60446247464503,96.30078835657974,/scratch/HS400/coop_results/output/weights/caltech101_shots16_cscTrue_posend_seed1_weights.pt,CSC,CSC_end
caltech101_shots16_cscTrue_posmiddle_seed1,caltech101,16,1,True,middle,16,94.84787018255578,94.84787018255578,96.0582171012735,/scratch/HS400/coop_results/output/weights/caltech101_shots16_cscTrue_posmiddle_seed1_weights.pt,CSC,CSC_middle
oxfordflowers_shots1_cscFalse_posend_seed1,oxfordflowers,1,1,False,end,16,78.76573284612262,78.76573284612262,79.24066135946111,/scratch/HS400/coop_results/output/weights/oxfordflowers_shots1_cscFalse_posend_seed1_weights.pt,Unified,Unified_end
oxfordflowers_shots1_cscFalse_posmiddle_seed1,oxfordflowers,1,1,False,middle,16,79.69955339017459,79.69955339017459,78.62829148805879,/scratch/HS400/coop_results/output/weights/oxfordflowers_shots1_cscFalse_posmiddle_seed1_weights.pt,Unified,Unified_middle
oxfordflowers_shots1_cscTrue_posend_seed1,oxfordflowers,1,1,True,end,16,76.81688997157937,76.81688997157937,75.19902020820575,/scratch/HS400/coop_results/output/weights/oxfordflowers_shots1_cscTrue_posend_seed1_weights.pt,CSC,CSC_end
oxfordflowers_shots1_cscTrue_posmiddle_seed1,oxfordflowers,1,1,True,middle,16,73.48761672756801,73.48761672756801,73.91304347826087,/scratch/HS400/coop_results/output/weights/oxfordflowers_shots1_cscTrue_posmiddle_seed1_weights.pt,CSC,CSC_middle
oxfordflowers_shots4_cscFalse_posend_seed1,oxfordflowers,4,1,False,end,16,91.47381242387333,91.47381242387333,91.79424372320882,/scratch/HS400/coop_results/output/weights/oxfordflowers_shots4_cscFalse_posend_seed1_weights.pt,Unified,Unified_end
oxfordflowers_shots4_cscFalse_posmiddle_seed1,oxfordflowers,4,1,False,middle,16,90.0933820544052,90.0933820544052,90.20208205756276,/scratch/HS400/coop_results/output/weights/oxfordflowers_shots4_cscFalse_posmiddle_seed1_weights.pt,Unified,Unified_middle
oxfordflowers_shots4_cscTrue_posend_seed1,oxfordflowers,4,1,True,end,16,92.20462850182705,92.20462850182705,93.0802204531537,/scratch/HS400/coop_results/output/weights/oxfordflowers_shots4_cscTrue_posend_seed1_weights.pt,CSC,CSC_end
oxfordflowers_shots4_cscTrue_posmiddle_seed1,oxfordflowers,4,1,True,middle,16,92.32643118148599,92.32643118148599,92.65156154317208,/scratch/HS400/coop_results/output/weights/oxfordflowers_shots4_cscTrue_posmiddle_seed1_weights.pt,CSC,CSC_middle
oxfordflowers_shots8_cscFalse_posend_seed1,oxfordflowers,8,1,False,end,16,93.74746244417378,93.74746244417378,93.6313533374158,/scratch/HS400/coop_results/output/weights/oxfordflowers_shots8_cscFalse_posend_seed1_weights.pt,Unified,Unified_end
oxfordflowers_shots8_cscFalse_posmiddle_seed1,oxfordflowers,8,1,False,middle,16,94.55948030856679,94.55948030856679,94.30496019595836,/scratch/HS400/coop_results/output/weights/oxfordflowers_shots8_cscFalse_posmiddle_seed1_weights.pt,Unified,Unified_middle
oxfordflowers_shots8_cscTrue_posend_seed1,oxfordflowers,8,1,True,end,16,95.41209906617945,95.41209906617945,95.16227801592161,/scratch/HS400/coop_results/output/weights/oxfordflowers_shots8_cscTrue_posend_seed1_weights.pt,CSC,CSC_end
oxfordflowers_shots8_cscTrue_posmiddle_seed1,oxfordflowers,8,1,True,middle,16,95.61510353227771,95.61510353227771,95.16227801592161,/scratch/HS400/coop_results/output/weights/oxfordflowers_shots8_cscTrue_posmiddle_seed1_weights.pt,CSC,CSC_middle
oxfordflowers_shots16_cscFalse_posend_seed1,oxfordflowers,16,1,False,end,16,96.42712139667073,96.42712139667073,96.63196570728721,/scratch/HS400/coop_results/output/weights/oxfordflowers_shots16_cscFalse_posend_seed1_weights.pt,Unified,Unified_end
oxfordflowers_shots16_cscFalse_posmiddle_seed1,oxfordflowers,16,1,False,middle,16,96.02111246447421,96.02111246447421,95.65217391304348,/scratch/HS400/coop_results/output/weights/oxfordflowers_shots16_cscFalse_posmiddle_seed1_weights.pt,Unified,Unified_middle
oxfordflowers_shots16_cscTrue_posend_seed1,oxfordflowers,16,1,True,end,16,96.79252943564758,96.79252943564758,96.8156766687079,/scratch/HS400/coop_results/output/weights/oxfordflowers_shots16_cscTrue_posend_seed1_weights.pt,CSC,CSC_end
oxfordflowers_shots16_cscTrue_posmiddle_seed1,oxfordflowers,16,1,True,middle,16,96.95493300852618,96.95493300852618,96.75443968156766,/scratch/HS400/coop_results/output/weights/oxfordflowers_shots16_cscTrue_posmiddle_seed1_weights.pt,CSC,CSC_middle
fgvc_aircraft_shots1_cscFalse_posend_seed1,fgvc_aircraft,1,1,False,end,16,26.37263726372637,26.37263726372637,27.242724272427242,/scratch/HS400/coop_results/output/weights/fgvc_aircraft_shots1_cscFalse_posend_seed1_weights.pt,Unified,Unified_end
fgvc_aircraft_shots1_cscFalse_posmiddle_seed1,fgvc_aircraft,1,1,False,middle,16,27.09270927092709,27.09270927092709,27.962796279627963,/scratch/HS400/coop_results/output/weights/fgvc_aircraft_shots1_cscFalse_posmiddle_seed1_weights.pt,Unified,Unified_middle
fgvc_aircraft_shots1_cscTrue_posend_seed1,fgvc_aircraft,1,1,True,end,16,19.021902190219024,19.021902190219024,17.581758175817583,/scratch/HS400/coop_results/output/weights/fgvc_aircraft_shots1_cscTrue_posend_seed1_weights.pt,CSC,CSC_end
fgvc_aircraft_shots1_cscTrue_posmiddle_seed1,fgvc_aircraft,1,1,True,middle,16,19.711971197119713,19.711971197119713,18.6018601860186,/scratch/HS400/coop_results/output/weights/fgvc_aircraft_shots1_cscTrue_posmiddle_seed1_weights.pt,CSC,CSC_middle
fgvc_aircraft_shots4_cscFalse_posend_seed1,fgvc_aircraft,4,1,False,end,16,32.67326732673267,32.67326732673267,33.87338733873387,/scratch/HS400/coop_results/output/weights/fgvc_aircraft_shots4_cscFalse_posend_seed1_weights.pt,Unified,Unified_end
fgvc_aircraft_shots4_cscFalse_posmiddle_seed1,fgvc_aircraft,4,1,False,middle,16,32.853285328532856,32.853285328532856,33.423342334233425,/scratch/HS400/coop_results/output/weights/fgvc_aircraft_shots4_cscFalse_posmiddle_seed1_weights.pt,Unified,Unified_middle
fgvc_aircraft_shots4_cscTrue_posend_seed1,fgvc_aircraft,4,1,True,end,16,32.01320132013201,32.01320132013201,30.633063306330634,/scratch/HS400/coop_results/output/weights/fgvc_aircraft_shots4_cscTrue_posend_seed1_weights.pt,CSC,CSC_end
fgvc_aircraft_shots4_cscTrue_posmiddle_seed1,fgvc_aircraft,4,1,True,middle,16,31.623162316231625,31.623162316231625,30.633063306330634,/scratch/HS400/coop_results/output/weights/fgvc_aircraft_shots4_cscTrue_posmiddle_seed1_weights.pt,CSC,CSC_middle
fgvc_aircraft_shots8_cscFalse_posend_seed1,fgvc_aircraft,8,1,False,end,16,37.353735373537354,37.353735373537354,40.44404440444045,/scratch/HS400/coop_results/output/weights/fgvc_aircraft_shots8_cscFalse_posend_seed1_weights.pt,Unified,Unified_end
fgvc_aircraft_shots8_cscFalse_posmiddle_seed1,fgvc_aircraft,8,1,False,middle,16,37.53375337533753,37.53375337533753,39.24392439243925,/scratch/HS400/coop_results/output/weights/fgvc_aircraft_shots8_cscFalse_posmiddle_seed1_weights.pt,Unified,Unified_middle
fgvc_aircraft_shots8_cscTrue_posend_seed1,fgvc_aircraft,8,1,True,end,16,37.833783378337834,37.833783378337834,37.38373837383738,/scratch/HS400/coop_results/output/weights/fgvc_aircraft_shots8_cscTrue_posend_seed1_weights.pt,CSC,CSC_end
fgvc_aircraft_shots8_cscTrue_posmiddle_seed1,fgvc_aircraft,8,1,True,middle,16,36.99369936993699,36.99369936993699,37.95379537953795,/scratch/HS400/coop_results/output/weights/fgvc_aircraft_shots8_cscTrue_posmiddle_seed1_weights.pt,CSC,CSC_middle
fgvc_aircraft_shots16_cscFalse_posend_seed1,fgvc_aircraft,16,1,False,end,16,42.27422742274227,42.27422742274227,43.594359435943595,/scratch/HS400/coop_results/output/weights/fgvc_aircraft_shots16_cscFalse_posend_seed1_weights.pt,Unified,Unified_end
fgvc_aircraft_shots16_cscFalse_posmiddle_seed1,fgvc_aircraft,16,1,False,middle,16,43.14431443144314,43.14431443144314,44.164416441644164,/scratch/HS400/coop_results/output/weights/fgvc_aircraft_shots16_cscFalse_posmiddle_seed1_weights.pt,Unified,Unified_middle
fgvc_aircraft_shots16_cscTrue_posend_seed1,fgvc_aircraft,16,1,True,end,16,44.19441944194419,44.19441944194419,45.664566456645666,/scratch/HS400/coop_results/output/weights/fgvc_aircraft_shots16_cscTrue_posend_seed1_weights.pt,CSC,CSC_end
fgvc_aircraft_shots16_cscTrue_posmiddle_seed1,fgvc_aircraft,16,1,True,middle,16,44.404440444044404,44.404440444044404,45.57455745574558,/scratch/HS400/coop_results/output/weights/fgvc_aircraft_shots16_cscTrue_posmiddle_seed1_weights.pt,CSC,CSC_middle
stanford_cars_shots1_cscFalse_posend_seed1,stanford_cars,1,1,False,end,16,66.8573560502425,66.8573560502425,67.2782874617737,/scratch/HS400/coop_results/output/weights/stanford_cars_shots1_cscFalse_posend_seed1_weights.pt,Unified,Unified_end
stanford_cars_shots1_cscFalse_posmiddle_seed1,stanford_cars,1,1,False,middle,16,66.89466484268125,66.89466484268125,66.97247706422019,/scratch/HS400/coop_results/output/weights/stanford_cars_shots1_cscFalse_posmiddle_seed1_weights.pt,Unified,Unified_middle
stanford_cars_shots1_cscTrue_posend_seed1,stanford_cars,1,1,True,end,16,49.34709613232185,49.34709613232185,51.00917431192661,/scratch/HS400/coop_results/output/weights/stanford_cars_shots1_cscTrue_posend_seed1_weights.pt,CSC,CSC_end
stanford_cars_shots1_cscTrue_posmiddle_seed1,stanford_cars,1,1,True,middle,16,50.67777639597065,50.67777639597065,52.782874617737,/scratch/HS400/coop_results/output/weights/stanford_cars_shots1_cscTrue_posmiddle_seed1_weights.pt,CSC,CSC_middle
stanford_cars_shots4_cscFalse_posend_seed1,stanford_cars,4,1,False,end,16,72.13033204825271,72.13033204825271,72.29357798165138,/scratch/HS400/coop_results/output/weights/stanford_cars_shots4_cscFalse_posend_seed1_weights.pt,Unified,Unified_end
stanford_cars_shots4_cscFalse_posmiddle_seed1,stanford_cars,4,1,False,middle,16,72.09302325581395,72.09302325581395,73.33333333333333,/scratch/HS400/coop_results/output/weights/stanford_cars_shots4_cscFalse_posmiddle_seed1_weights.pt,Unified,Unified_middle
stanford_cars_shots4_cscTrue_posend_seed1,stanford_cars,4,1,True,end,16,67.03146374829001,67.03146374829001,68.68501529051987,/scratch/HS400/coop_results/output/weights/stanford_cars_shots4_cscTrue_posend_seed1_weights.pt,CSC,CSC_end
stanford_cars_shots4_cscTrue_posmiddle_seed1,stanford_cars,4,1,True,middle,16,66.6583758239025,66.6583758239025,68.62385321100918,/scratch/HS400/coop_results/output/weights/stanford_cars_shots4_cscTrue_posmiddle_seed1_weights.pt,CSC,CSC_middle
stanford_cars_shots8_cscFalse_posend_seed1,stanford_cars,8,1,False,end,16,76.44571570700161,76.44571570700161,77.00305810397553,/scratch/HS400/coop_results/output/weights/stanford_cars_shots8_cscFalse_posend_seed1_weights.pt,Unified,Unified_end
stanford_cars_shots8_cscFalse_posmiddle_seed1,stanford_cars,8,1,False,middle,16,75.60004974505658,75.60004974505658,76.81957186544342,/scratch/HS400/coop_results/output/weights/stanford_cars_shots8_cscFalse_posmiddle_seed1_weights.pt,Unified,Unified_middle
stanford_cars_shots8_cscTrue_posend_seed1,stanford_cars,8,1,True,end,16,74.30667827384654,74.30667827384654,76.14678899082568,/scratch/HS400/coop_results/output/weights/stanford_cars_shots8_cscTrue_posend_seed1_weights.pt,CSC,CSC_end
stanford_cars_shots8_cscTrue_posmiddle_seed1,stanford_cars,8,1,True,middle,16,74.6175848775028,74.6175848775028,75.41284403669725,/scratch/HS400/coop_results/output/weights/stanford_cars_shots8_cscTrue_posmiddle_seed1_weights.pt,CSC,CSC_middle
stanford_cars_shots16_cscFalse_posend_seed1,stanford_cars,16,1,False,end,16,80.42532023380177,80.42532023380177,82.93577981651376,/scratch/HS400/coop_results/output/weights/stanford_cars_shots16_cscFalse_posend_seed1_weights.pt,Unified,Unified_end
stanford_cars_shots16_cscFalse_posmiddle_seed1,stanford_cars,16,1,False,middle,16,79.72888944161174,79.72888944161174,81.65137614678899,/scratch/HS400/coop_results/output/weights/stanford_cars_shots16_cscFalse_posmiddle_seed1_weights.pt,Unified,Unified_middle
stanford_cars_shots16_cscTrue_posend_seed1,stanford_cars,16,1,True,end,16,79.36823778137048,79.36823778137048,82.50764525993884,/scratch/HS400/coop_results/output/weights/stanford_cars_shots16_cscTrue_posend_seed1_weights.pt,CSC,CSC_end
stanford_cars_shots16_cscTrue_posmiddle_seed1,stanford_cars,16,1,True,middle,16,79.65427185673424,79.65427185673424,81.34556574923548,/scratch/HS400/coop_results/output/weights/stanford_cars_shots16_cscTrue_posmiddle_seed1_weights.pt,CSC,CSC_middle
ucf101_shots1_cscFalse_posend_seed1,ucf101,1,1,False,end,16,72.48215701823949,72.48215701823949,74.44678609062171,/scratch/HS400/coop_results/output/weights/ucf101_shots1_cscFalse_posend_seed1_weights.pt,Unified,Unified_end
ucf101_shots1_cscFalse_posmiddle_seed1,ucf101,1,1,False,middle,16,71.39836108908274,71.39836108908274,72.6554267650158,/scratch/HS400/coop_results/output/weights/ucf101_shots1_cscFalse_posmiddle_seed1_weights.pt,Unified,Unified_middle
ucf101_shots1_cscTrue_posend_seed1,ucf101,1,1,True,end,16,56.674596880782445,56.674596880782445,59.22023182297155,/scratch/HS400/coop_results/output/weights/ucf101_shots1_cscTrue_posend_seed1_weights.pt,CSC,CSC_end
ucf101_shots1_cscTrue_posmiddle_seed1,ucf101,1,1,True,middle,16,56.93893735130848,56.93893735130848,58.74604847207587,/scratch/HS400/coop_results/output/weights/ucf101_shots1_cscTrue_posmiddle_seed1_weights.pt,CSC,CSC_middle
ucf101_shots4_cscFalse_posend_seed1,ucf101,4,1,False,end,16,75.60137457044674,75.60137457044674,78.60906217070601,/scratch/HS400/coop_results/output/weights/ucf101_shots4_cscFalse_posend_seed1_weights.pt,Unified,Unified_end
ucf101_shots4_cscFalse_posmiddle_seed1,ucf101,4,1,False,middle,16,75.91858313507798,75.91858313507798,78.66174920969442,/scratch/HS400/coop_results/output/weights/ucf101_shots4_cscFalse_posmiddle_seed1_weights.pt,Unified,Unified_middle
ucf101_shots4_cscTrue_posend_seed1,ucf101,4,1,True,end,16,72.48215701823949,72.48215701823949,76.08008429926238,/scratch/HS400/coop_results/output/weights/ucf101_shots4_cscTrue_posend_seed1_weights.pt,CSC,CSC_end
ucf101_shots4_cscTrue_posmiddle_seed1,ucf101,4,1,True,middle,16,69.70658207771609,69.70658207771609,74.9736564805058,/scratch/HS400/coop_results/output/weights/ucf101_shots4_cscTrue_posmiddle_seed1_weights.pt,CSC,CSC_middle
ucf101_shots8_cscFalse_posend_seed1,ucf101,8,1,False,end,16,78.90563045202221,78.90563045202221,83.14014752370917,/scratch/HS400/coop_results/output/weights/ucf101_shots8_cscFalse_posend_seed1_weights.pt,Unified,Unified_end
ucf101_shots8_cscFalse_posmiddle_seed1,ucf101,8,1,False,middle,16,78.90563045202221,78.90563045202221,83.45626975763962,/scratch/HS400/coop_results/output/weights/ucf101_shots8_cscFalse_posmiddle_seed1_weights.pt,Unified,Unified_middle
ucf101_shots8_cscTrue_posend_seed1,ucf101,8,1,True,end,16,75.01982553528946,75.01982553528946,81.61222339304531,/scratch/HS400/coop_results/output/weights/ucf101_shots8_cscTrue_posend_seed1_weights.pt,CSC,CSC_end
ucf101_shots8_cscTrue_posmiddle_seed1,ucf101,8,1,True,middle,16,75.20486386465768,75.20486386465768,82.45521601685985,/scratch/HS400/coop_results/output/weights/ucf101_shots8_cscTrue_posmiddle_seed1_weights.pt,CSC,CSC_middle
ucf101_shots16_cscFalse_posend_seed1,ucf101,16,1,False,end,16,81.91911181601903,81.91911181601903,87.14436248682824,/scratch/HS400/coop_results/output/weights/ucf101_shots16_cscFalse_posend_seed1_weights.pt,Unified,Unified_end
ucf101_shots16_cscFalse_posmiddle_seed1,ucf101,16,1,False,middle,16,81.68120539254559,81.68120539254559,87.72391991570073,/scratch/HS400/coop_results/output/weights/ucf101_shots16_cscFalse_posmiddle_seed1_weights.pt,Unified,Unified_middle
ucf101_shots16_cscTrue_posend_seed1,ucf101,16,1,True,end,16,80.51810732223103,80.51810732223103,88.25079030558483,/scratch/HS400/coop_results/output/weights/ucf101_shots16_cscTrue_posend_seed1_weights.pt,CSC,CSC_end
ucf101_shots16_cscTrue_posmiddle_seed1,ucf101,16,1,True,middle,16,80.59740946338884,80.59740946338884,88.04004214963119,/scratch/HS400/coop_results/output/weights/ucf101_shots16_cscTrue_posmiddle_seed1_weights.pt,CSC,CSC_middle
food101_shots1_cscFalse_posend_seed1,food101,1,1,False,end,16,85.98679867986799,85.98679867986799,85.81683168316832,/scratch/HS400/coop_results/output/weights/food101_shots1_cscFalse_posend_seed1_weights.pt,Unified,Unified_end
food101_shots1_cscFalse_posmiddle_seed1,food101,1,1,False,middle,16,85.60726072607261,85.60726072607261,85.11881188118812,/scratch/HS400/coop_results/output/weights/food101_shots1_cscFalse_posmiddle_seed1_weights.pt,Unified,Unified_middle
food101_shots1_cscTrue_posend_seed1,food101,1,1,True,end,16,67.45874587458746,67.45874587458746,67.67326732673267,/scratch/HS400/coop_results/output/weights/food101_shots1_cscTrue_posend_seed1_weights.pt,CSC,CSC_end
food101_shots1_cscTrue_posmiddle_seed1,food101,1,1,True,middle,16,64.6996699669967,64.6996699669967,65.06930693069307,/scratch/HS400/coop_results/output/weights/food101_shots1_cscTrue_posmiddle_seed1_weights.pt,CSC,CSC_middle
food101_shots4_cscFalse_posend_seed1,food101,4,1,False,end,16,86.6897689768977,86.6897689768977,86.7128712871287,/scratch/HS400/coop_results/output/weights/food101_shots4_cscFalse_posend_seed1_weights.pt,Unified,Unified_end
food101_shots4_cscFalse_posmiddle_seed1,food101,4,1,False,middle,16,86.52805280528052,86.52805280528052,86.11881188118812,/scratch/HS400/coop_results/output/weights/food101_shots4_cscFalse_posmiddle_seed1_weights.pt,Unified,Unified_middle
food101_shots4_cscTrue_posend_seed1,food101,4,1,True,end,16,79.98349834983499,79.98349834983499,80.26237623762377,/scratch/HS400/coop_results/output/weights/food101_shots4_cscTrue_posend_seed1_weights.pt,CSC,CSC_end
food101_shots4_cscTrue_posmiddle_seed1,food101,4,1,True,middle,16,79.2871287128713,79.2871287128713,79.52970297029702,/scratch/HS400/coop_results/output/weights/food101_shots4_cscTrue_posmiddle_seed1_weights.pt,CSC,CSC_middle
food101_shots8_cscFalse_posend_seed1,food101,8,1,False,end,16,86.81188118811882,86.81188118811882,86.9950495049505,/scratch/HS400/coop_results/output/weights/food101_shots8_cscFalse_posend_seed1_weights.pt,Unified,Unified_end
food101_shots8_cscFalse_posmiddle_seed1,food101,8,1,False,middle,16,86.61386138613861,86.61386138613861,86.76732673267327,/scratch/HS400/coop_results/output/weights/food101_shots8_cscFalse_posmiddle_seed1_weights.pt,Unified,Unified_middle
food101_shots8_cscTrue_posend_seed1,food101,8,1,True,end,16,82.12871287128714,82.12871287128714,82.60396039603961,/scratch/HS400/coop_results/output/weights/food101_shots8_cscTrue_posend_seed1_weights.pt,CSC,CSC_end
food101_shots8_cscTrue_posmiddle_seed1,food101,8,1,True,middle,16,81.85148514851485,81.85148514851485,82.1930693069307,/scratch/HS400/coop_results/output/weights/food101_shots8_cscTrue_posmiddle_seed1_weights.pt,CSC,CSC_middle
food101_shots16_cscFalse_posend_seed1,food101,16,1,False,end,16,87.17821782178218,87.17821782178218,87.01980198019803,/scratch/HS400/coop_results/output/weights/food101_shots16_cscFalse_posend_seed1_weights.pt,Unified,Unified_end
food101_shots16_cscFalse_posmiddle_seed1,food101,16,1,False,middle,16,87.17491749174917,87.17491749174917,87.03465346534654,/scratch/HS400/coop_results/output/weights/food101_shots16_cscFalse_posmiddle_seed1_weights.pt,Unified,Unified_middle
food101_shots16_cscTrue_posend_seed1,food101,16,1,True,end,16,83.56105610561056,83.56105610561056,83.55940594059406,/scratch/HS400/coop_results/output/weights/food101_shots16_cscTrue_posend_seed1_weights.pt,CSC,CSC_end
food101_shots16_cscTrue_posmiddle_seed1,food101,16,1,True,middle,16,83.7128712871287,83.7128712871287,83.73267326732673,/scratch/HS400/coop_results/output/weights/food101_shots16_cscTrue_posmiddle_seed1_weights.pt,CSC,CSC_middle
